question,answer
Trường Đại học Nông Lâm Thành phố Hồ Chí Minh được thành lập vào năm nào và hiện nay nằm ở đâu?,"Trường được thành lập vào năm 1955 với tên gọi Trường Đại học Nông Lâm và hiện nay nằm ở Thành phố Thủ Đức, Thành phố Hồ Chí Minh và Thành phố Dĩ An - Tỉnh Bình Dương."
Trường Đại học Nông Lâm Thành phố Hồ Chí Minh có diện tích bao nhiêu và đã đạt được những thành tích gì?,"Trường có diện tích 118 ha và đã đạt được các thành tích như Huân chương Lao động Hạng ba, Huân chương Lao động Hạng nhất, Huân chương Độc lập Hạng ba."
Trường Đại học Nông Lâm Thành phố Hồ Chí Minh từng có quan hệ gì với Đại học Quốc gia TP. Hồ Chí Minh và hiện tại thuộc cơ quan nào?,"Trường từng là thành viên của Đại học Quốc gia TP. Hồ Chí Minh từ năm 1995 đến năm 2000, hiện tại trực thuộc Bộ Giáo dục và Đào tạo."
Trường Đại học Nông Lâm Thành phố Hồ Chí Minh đã trải qua bao nhiêu năm phát triển và hoạt động trong những lĩnh vực nào?,"Trường đã trải qua gần 70 năm phát triển (từ 1955 đến nay) và hoạt động trong các lĩnh vực đào tạo, nghiên cứu và ứng dụng khoa học kỹ thuật nông lâm ngư nghiệp, chuyển giao công nghệ, quan hệ quốc tế."
Tên gọi của Trường Đại học Nông Lâm Thành phố Hồ Chí Minh vào năm 1975 là gì và trường có diện tích bao nhiêu?,"Vào năm 1975, trường có tên gọi là Trường Đại học Nông nghiệp 4 và hiện nay có diện tích 118 ha."
Sứ mạng của Trường Đại học Nông Lâm TP.HCM là gì và trường có bao nhiêu ký túc xá?,"Sứ mạng của trường là đào tạo nguồn nhân lực có chuyên môn tốt và tư duy sáng tạo; thực hiện nghiên cứu, phát triển, phổ biến, chuyển giao tri thức - công nghệ, đáp ứng nhu cầu phát triển bền vững kinh tế - xã hội của Việt Nam và khu vực. Trường có 6 ký túc xá."
Trường Đại học Nông Lâm TP.HCM có tầm nhìn gì đến năm 2035 và trường có bao nhiêu giảng đường?,Tầm nhìn của trường là đến năm 2035 trở thành trường đại học nghiên cứu với chất lượng quốc tế. Trường có 6 giảng đường.
Giá trị cốt lõi của trường bao gồm những gì và trường có bao nhiêu trung tâm?,"Giá trị cốt lõi của trường bao gồm: Nhân văn, Nhân bản, Phục vụ, Đổi mới, Hội nhập. Trường có 10 trung tâm."
Mục tiêu chiến lược của trường trong giai đoạn hiện nay là gì và trường có bao nhiêu trung tâm nghiên cứu thí nghiệm?,"Mục tiêu chiến lược của trường là xây dựng và phát triển thành một trường đại học có chất lượng về đào tạo, nghiên cứu, chuyển giao công nghệ và hợp tác quốc tế, sánh vai với các trường đại học tiên tiến trong khu vực và trên thế giới. Trường có 4 trung tâm nghiên cứu thí nghiệm."
Trường Đại học Nông Lâm TP.HCM có bao nhiêu nhóm chiến lược cốt lõi và trường có bao nhiêu ký túc xá?,"Trường có 3 nhóm chiến lược cốt lõi: Đào tạo, Nghiên cứu và phát triển khoa học công nghệ, Phục vụ cộng đồng. Trường có 6 ký túc xá."
Trường có bao nhiêu giảng đường và trường có bao nhiêu trung tâm nghiên cứu thí nghiệm?,Trường có 6 giảng đường và 4 trung tâm nghiên cứu thí nghiệm.
Trường có bao nhiêu ký túc xá và trường có bao nhiêu trung tâm?,Trường có 6 ký túc xá và 10 trung tâm.
Số điện thoại của Khoa Công nghệ Thông tin là gì và website của Phòng Đào tạo là gì?,Số điện thoại của Khoa Công nghệ Thông tin là 028.37242623 và website của Phòng Đào tạo là http://pdt.hcmuaf.edu.vn
Website của Trung tâm Ngoại ngữ là gì và số điện thoại của Khoa Môi trường và Tài nguyên là gì?,Website của Trung tâm Ngoại ngữ là http://cfs.hcmuaf.edu.vn và số điện thoại của Khoa Môi trường và Tài nguyên là 028.37220723
Số điện thoại của Phòng Hợp tác Quốc tế là gì và website của Khoa Kinh tế là gì?,Số điện thoại của Phòng Hợp tác Quốc tế là 028.38966946 và website của Khoa Kinh tế là http://eco.hcmuaf.edu.vn
Website của Khoa Lâm nghiệp là gì và số điện thoại của Trung tâm Dịch vụ Sinh viên là gì?,Website của Khoa Lâm nghiệp là http://ff.hcmuaf.edu.vn và số điện thoại của Trung tâm Dịch vụ Sinh viên là 028.38963346
Số điện thoại của Phòng Quản lý Chất lượng là gì và website của Khoa Thủy sản là gì?,Số điện thoại của Phòng Quản lý Chất lượng là 0283.7245870 và website của Khoa Thủy sản là https://fof.hcmuaf.edu.vn
Website của Trung tâm Nghiên cứu biến đổi khí hậu là gì và số điện thoại của Khoa Công nghệ Hóa học và Thực phẩm là gì?,Website của Trung tâm Nghiên cứu biến đổi khí hậu là https://rccc.hcmuaf.edu.vn và số điện thoại của Khoa Công nghệ Hóa học và Thực phẩm là 028.38960871
Số điện thoại của Phòng Thanh tra giáo dục là gì và website của Khoa Khoa học Sinh học là gì?,Số điện thoại của Phòng Thanh tra giáo dục là 028.37245195 và website của Khoa Khoa học Sinh học là http://biotech.hcmuaf.edu.vn
Website của Khoa Quản lý đất đai và Bất động sản là gì và số điện thoại của Trung tâm Tin học ứng dụng là gì?,Website của Khoa Quản lý đất đai và Bất động sản là http://lrem.hcmuaf.edu.vn và số điện thoại của Trung tâm Tin học ứng dụng là 028.38961713
Số điện thoại của Phòng Kế hoạch Tài chính là gì và website của Khoa Cơ khí Công nghệ là gì?,Số điện thoại của Phòng Kế hoạch Tài chính là 028.38963334 và website của Khoa Cơ khí Công nghệ là http://fme.hcmuaf.edu.vn
Website của Trung tâm Ươm tạo doanh nghiệp công nghệ là gì và số điện thoại của Khoa Nông học là gì?,Website của Trung tâm Ươm tạo doanh nghiệp công nghệ là http://tbi.hcmuaf.edu.vn và số điện thoại của Khoa Nông học là 028.38961710
Số điện thoại của Viện Nghiên cứu Công nghệ Sinh học và Môi trường là gì và website của Phòng Công tác Sinh viên là gì?,Số điện thoại của Viện Nghiên cứu Công nghệ Sinh học và Môi trường là 028.37220294 và website của Phòng Công tác Sinh viên là http://nls.hcmuaf.edu.vn
Website của Bộ môn Lý luận Chính trị là gì và số điện thoại của Phòng Thông tin và Truyền thông là gì?,Website của Bộ môn Lý luận Chính trị là http://bmllct.hcmuaf.edu.vn và số điện thoại của Phòng Thông tin và Truyền thông là 028.35359097
Khoa Cơ khí - Công nghệ phụ trách ngành nào và chương trình tiên tiến nào được đào tạo tại trường?,Khoa Cơ khí - Công nghệ phụ trách ngành Công nghệ kỹ thuật cơ khí và chương trình tiên tiến là Bác sĩ thú y.
Khoa Công nghệ Thông tin phụ trách ngành nào và chương trình nâng cao nào được đào tạo tại trường?,Khoa Công nghệ Thông tin phụ trách ngành Công nghệ Thông tin và chương trình nâng cao là Công nghệ sinh học.
Khoa Quản lý đất đai và Bất động sản phụ trách ngành nào và ngành nào được đào tạo tại Phân hiệu Gia Lai?,Khoa Quản lý đất đai và Bất động sản phụ trách ngành Quản lý đất đai và ngành tại Phân hiệu Gia Lai là Bất động sản.
Khoa Lâm nghiệp phụ trách ngành nào và ngành nào được đào tạo tại Phân hiệu Ninh Thuận?,Khoa Lâm nghiệp phụ trách ngành Lâm học và ngành tại Phân hiệu Ninh Thuận là Công nghệ thông tin.
Khoa Công nghệ hóa học và thực phẩm phụ trách ngành nào và chương trình tiên tiến nào được đào tạo tại trường?,Khoa Công nghệ hóa học và thực phẩm phụ trách ngành Công nghệ kỹ thuật hóa học và chương trình tiên tiến là Công nghệ thực phẩm.
Khoa Chăn nuôi - Thú y phụ trách ngành nào và chương trình nâng cao nào được đào tạo tại trường?,Khoa Chăn nuôi - Thú y phụ trách ngành Chăn nuôi và chương trình nâng cao là Chăn nuôi.
Khoa Nông học phụ trách ngành nào và ngành nào được đào tạo tại Phân hiệu Gia Lai?,Khoa Nông học phụ trách ngành Nông học và ngành tại Phân hiệu Gia Lai là Nông học.
Khoa Công nghệ Sinh học phụ trách ngành nào và chương trình nâng cao nào được đào tạo tại trường?,Khoa Công nghệ Sinh học phụ trách ngành Khoa học sinh học và chương trình nâng cao là Công nghệ sinh học.
Khoa Môi trường và Tài nguyên phụ trách ngành nào và ngành nào được đào tạo tại Phân hiệu Ninh Thuận?,Khoa Môi trường và Tài nguyên phụ trách ngành Kỹ thuật Môi trường và ngành tại Phân hiệu Ninh Thuận là Kế toán.
Khoa Thủy sản phụ trách ngành nào và ngành nào được đào tạo tại Phân hiệu Gia Lai?,Khoa Thủy sản phụ trách ngành Nuôi trồng thủy sản và ngành tại Phân hiệu Gia Lai là Thú y.
Khoa Ngoại ngữ - Sư phạm phụ trách ngành nào và chương trình tiên tiến nào được đào tạo tại trường?,Khoa Ngoại ngữ - Sư phạm phụ trách ngành Sư phạm kỹ thuật nông nghiệp và chương trình tiên tiến là Bác sĩ thú y.
Khoa Kinh tế phụ trách ngành nào và ngành nào được đào tạo tại Phân hiệu Ninh Thuận?,Khoa Kinh tế phụ trách ngành Kinh tế và ngành tại Phân hiệu Ninh Thuận là Quản trị kinh doanh.
Trung tâm nào trực thuộc Trường Đại học Nông Lâm TP.HCM có website là http://htsv.hcmuaf.edu.vn?,TT hỗ trợ Sinh viên và Quan hệ Doanh nghiệp
Số điện thoại của khoa có website https://cnty.hcmuaf.edu.vn là gì?,28.38961711
Phòng trực thuộc trường nào có website là http://pdt.hcmuaf.edu.vn và phụ trách công tác đào tạo?,Phòng Đào tạo
Khoa nào trực thuộc trường có website là http://fit.hcmuaf.edu.vn và đào tạo chuyên ngành công nghệ thông tin?,Khoa Công nghệ Thông tin
Viện trực thuộc Trường Đại học Nông Lâm TP.HCM có số điện thoại 028.37220294 là viện nào?,Viện Nghiên cứu Công nghệ Sinh học và Môi trường
Đơn vị nào trực thuộc trường có số điện thoại là 028.38963346 và cung cấp dịch vụ cho sinh viên?,Trung tâm Dịch vụ Sinh viên
Trung tâm nào có website là http://cadas.hcmuaf.edu.vn và liên quan đến công nghệ địa chính?,Trung tâm Nghiên cứu và Ứng dụng Công nghệ Địa chính
Đơn vị nào thuộc trường có số điện thoại 028.35359097 và phụ trách thông tin truyền thông?,Phòng Thông tin và Truyền thông
Khoa đào tạo chuyên môn nào có số điện thoại là 028.38961708 và thuộc lĩnh vực kinh tế?,Khoa Kinh tế
Đơn vị nào trực thuộc trường có số điện thoại là 028.37245422 và nghiên cứu ứng dụng công nghệ?,Trung tâm Nghiên cứu và Ứng dụng Công nghệ Địa chính
Ngành nào được Khoa Cơ khí - Công nghệ phụ trách có liên quan đến ô tô?,Công nghệ kỹ thuật ô tô
Khoa nào đào tạo ngành Kỹ thuật điều khiển và tự động hóa?,Khoa Cơ khí - Công nghệ
"Khoa nào phụ trách ngành Công nghệ kỹ thuật năng lượng tái tạo, đồng thời có website là http://fme.hcmuaf.edu.vn?",Khoa Cơ khí - Công nghệ
Ngành Công nghệ Thông tin được đào tạo bởi khoa nào có số điện thoại 028.37242623?,Khoa Công nghệ Thông tin
Ngành Bất động sản thuộc khoa nào và khoa này có website nào?,"Khoa Quản lý đất đai và Bất động sản, http://lrem.hcmuaf.edu.vn"
Khoa Lâm nghiệp phụ trách ngành nào liên quan đến đô thị?,Lâm nghiệp đô thị
Khoa nào đào tạo ngành Công nghệ thực phẩm và có website là https://ceft.hcmuaf.edu.vn?,Khoa Công nghệ Hóa học và Thực phẩm
Ngành Thú y vừa là chương trình tiên tiến vừa được đào tạo tại phân hiệu nào?,Trường Đại học Nông Lâm TP.HCM (chính quy) và Phân hiệu Gia Lai
"Ngành nào được đào tạo tại cả Phân hiệu Gia Lai và Ninh Thuận, và liên quan đến kinh tế?",Quản trị kinh doanh
Phân hiệu nào đào tạo ngành Giáo dục Mầm non?,Phân hiệu Ninh Thuận
Khoa nào phụ trách ngành Bảo vệ thực vật và có số điện thoại 028.38961710?,Khoa Nông học
Khoa nào đào tạo ngành Khoa học sinh học và có website là http://biotech.hcmuaf.edu.vn?,Khoa Công nghệ Sinh học
Khoa nào phụ trách cả ngành Kỹ thuật Môi trường và Cảnh quan & Kỹ thuật hoa viên?,Khoa Môi trường và Tài nguyên
Ngành Nuôi trồng thủy sản và Công nghệ chế biến thủy sản được đào tạo bởi khoa nào?,Khoa Thủy sản
Khoa có website http://ffl.hcmuaf.edu.vn phụ trách ngành nào liên quan đến ngôn ngữ?,Ngôn ngữ Anh
Khoa Kinh tế đào tạo ngành nào liên quan đến phát triển nông thôn?,Phát triển nông thôn
Ngành Công nghệ kỹ thuật cơ khí thuộc chương trình nào ngoài hệ chính quy?,Chương trình nâng cao
Tân sinh viên phải tham gia những nội dung gì trong chương trình SHCD - SV?,"Hướng dẫn phương pháp học đại học, sử dụng tiện ích Online, sử dụng thư viện, đăng ký môn học, phổ biến quy chế học vụ, giới thiệu hoạt động Đoàn - Hội, giao lưu với thầy cô và sinh viên trong khoa."
Website nào đăng tải kế hoạch và nội dung sinh hoạt công dân - sinh viên?,https://go.hcmuaf.edu.vn/lichshcd2024
Sinh viên năm cuối được định hướng về những nội dung gì trong SHCD - SV?,"Định hướng nghề nghiệp - khởi nghiệp, thông tin tình hình kinh tế - chính trị - xã hội, học tập và làm theo tư tưởng, đạo đức, phong cách Hồ Chí Minh."
Điều gì xảy ra nếu sinh viên không tham gia hoặc tham gia không đầy đủ SHCD - SV?,"Bị xem như chưa hoàn thành nhiệm vụ học tập và rèn luyện, sẽ bị xử lý theo quy định của Trường."
Sinh viên phải làm gì sau khi tham gia SHCD - SV để được công nhận hoàn thành?,Làm bài thu hoạch đạt yêu cầu.
Hai chương trình tình nguyện lớn thường niên của sinh viên là gì?,Chiến dịch tình nguyện Mùa hè xanh và Chiến dịch Xuân tình nguyện.
Tên cuộc thi khởi nghiệp được tổ chức tại Trường là gì?,Cuộc thi Khởi nghiệp Nông nghiệp
Những lễ tuyên dương nào được tổ chức để ghi nhận thành tích của sinh viên?,"Lễ tuyên dương Thanh niên tiên tiến làm theo lời Bác, Lễ tuyên dương Sinh viên 5 tốt, Lễ tuyên dương hoạt động học thuật, khoa học công nghệ, khởi nghiệp."
Những hoạt động nào thể hiện tinh thần tương thân tương ái của sinh viên Nông Lâm?,"Chương trình Vì đàn em thân yêu, Ánh trăng cho em, Vì nụ cười trẻ thơ, Hiến máu tình nguyện."
Hoạt động nào trong phong trào sinh viên mang ý nghĩa truyền thống và lịch sử?,"Chương trình Về nguồn, Hành trình đi tìm địa chỉ đỏ, Hành trình đến với bảo tàng."
"CLB nào có slogan là ""Dám nghĩ - biết làm - dám hành động"" và hoạt động trong lĩnh vực đào tạo Cán bộ Đoàn–Hội?",CLB Cán bộ Đoàn Ngôi Sao Xanh
CLB nào thuộc khoa Khoa học sinh học và có email là bec@tuoitrenonglam.com?,BEC English Club
CLB thể thao nào có chủ nhiệm tên là Hồ Thanh Tú?,CLB Bóng rổ Đại học Nông Lâm
CLB Du lịch Sinh thái do khoa nào quản lý và hoạt động trong các lĩnh vực nào?,"Đoàn–Hội khoa Môi trường – Tài nguyên; Học thuật, bảo vệ môi trường, hoạt động thiện nguyện xã hội"
CLB nào có lĩnh vực hoạt động là nghiên cứu khoa học và có chủ nhiệm là Nguyễn Nữ Mai Thơ?,CLB Dược Thú Y
Email của CLB chuyên tư vấn tuyển sinh và hỗ trợ sinh viên là gì?,ac@tuoitrenonglam.com
CLB nào thuộc khoa Ngoại ngữ – Sư phạm và có fanpage là https://www.facebook.com/FiRE.EnglishClub?,FIRE English Club
CLB B.A.S hoạt động trong những lĩnh vực nào và được quản lý bởi đơn vị nào?,"Kỹ năng, thể thao, tình nguyện, học thuật, văn nghệ, truyền thông; Phòng Công tác sinh viên"
CLB thể thao nào có slogan “Rèn luyện tinh thần và thể lực để vững bước cho tương lai. Kiai!”?,CLB Karate-Do
CLB nào thuộc Trung tâm Hỗ trợ Sinh viên & Quan hệ Doanh nghiệp và có slogan là “Đồng hành cùng sinh viên!”?,CLB Kết Nối Thành Công
CLB Khởi nghiệp do Trung tâm Ươm tạo Doanh nghiệp công nghệ quản lý có slogan là gì?,Ươm mầm ý tưởng – Vững bước thành công
CLB nào hoạt động trong lĩnh vực học thuật và có chủ nhiệm là Võ Minh Trường?,CLB Một Sức Khỏe TP.HCM (HCMC One Health Club)
"CLB nào do Thư viện quản lý, hoạt động trong lĩnh vực học thuật và truyền thông?",CLB Sách và Hành Động Nông Lâm TP.HCM
CLB nào của khoa Công nghệ Hóa học và Thực phẩm hoạt động về ngoại ngữ?,CLB Tiếng Anh khoa Công nghệ Hóa học và Thực phẩm (Seeds For Future - SFF)
CLB nào có slogan “Will be the better not be the best” và thuộc khoa Kinh tế?,CLB Tiếng Anh Khoa Kinh tế – EFB (English For Business Club)
CLB thể thao điện tử nào được quản lý bởi Phòng Công tác Sinh viên?,CLB PWF Gaming
CLB học thuật nào thuộc khoa Chăn nuôi Thú y có tên là Engscope?,CLB Thú Y Engscope
CLB truyền thông nào có slogan “Nơi cảm xúc tôi và bạn hòa tan”?,CLB Truyền thông Nông Lâm Radio
CLB nào thuộc lĩnh vực truyền thông và động vật hoang dã do Lê Tường Vi làm đội trưởng?,Wildlife Vet Student Club
"CLB nào hoạt động trong lĩnh vực tình nguyện, học thuật, môi trường và thể thao?",CLB Yêu Môi Trường
"Tổ chức nào có lĩnh vực hoạt động về tư tưởng, lý luận chính trị, kiến thức lịch sử, xã hội?",Tổ Tu Dưỡng Rèn Luyện Hạt Giống Đỏ
Đội nào có slogan là “Sống là cho đâu chỉ nhận riêng mình” và hoạt động tình nguyện xã hội?,Đội Công Tác Xã Hội
"Đội nào thuộc khoa Chăn nuôi Thú y, hoạt động trong lĩnh vực hỗ trợ Đoàn – Hội, và có đội trưởng là Trần Viết Nguyên Chương?",Đội Khát Vọng Tuổi Trẻ Khoa Chăn nuôi Thú y
Đội nào thuộc khoa Lâm nghiệp có khẩu hiệu “Nhiệt huyết – Đoàn kết – Hành động”?,Đội Nhiệt Huyết Rừng Xanh
Đội văn nghệ nào có slogan là “Music – Friend - Bioscience” và thuộc khoa Khoa học Sinh học?,Đội Văn nghệ MFB – Melody From Bio
Đội Văn nghệ Rạng Đông thuộc đơn vị nào và có lĩnh vực hoạt động gì?,"Đoàn Thanh niên; Văn nghệ, Truyền thông"
"Đội nào có slogan “Nhịp Điệu Xanh, mãi trong tim…” và được quản lý bởi Hội Sinh viên trường?",Đội Văn nghệ Xung kích Nhịp Điệu Xanh
"Đội nào thuộc khoa Khoa học Sinh học hoạt động cả trong tình nguyện, văn nghệ và bảo vệ môi trường?",Đội Xung kích Khoa Khoa học Sinh học
Hội cổ động viên có tên gọi là gì và thuộc đơn vị nào quản lý?,Hội cổ động viên Nong Lam Buffaloes (NLB); Hội Thể thao
Đội nào có email là melodyfrombiotech@tuoitrenonglam.com và hoạt động trong lĩnh vực văn nghệ?,Đội Văn nghệ MFB – Melody From Bio
"Đội nào có slogan “Xung kích, kết nối nhiệt huyết – tình nguyện – trách nhiệm” và chủ nhiệm là Đỗ Minh Anh?",Đội Xung kích Khoa Khoa học Sinh học
Tên fanpage của đội cổ động thể thao tại Trường Đại học Nông Lâm TP.HCM là gì?,https://www.facebook.com/NonglamBuffaloes
Địa chỉ của cơ sở chính Trường Đại học Nông Lâm TP.HCM nằm ở đâu?,"Khu phố 22-23, Phường Linh Trung, Thành phố Thủ Đức, Thành phố Hồ Chí Minh."
Website chính thức của cơ sở chính Trường Đại học Nông Lâm TP.HCM là gì?,https://www.hcmuaf.edu.vn
Email liên hệ của văn phòng hành chính tại cơ sở chính là gì?,vphanhchinh@hcmuaf.edu.vn
Phân hiệu Ninh Thuận của Trường Đại học Nông Lâm TP.HCM có địa chỉ ở đâu?,"Số 8 đường Yên Ninh, Thị trấn Khánh Hải, Huyện Ninh Hải, Tỉnh Ninh Thuận"
Số điện thoại của phân hiệu Gia Lai là gì?,0269.3877.035
Website của phân hiệu Gia Lai là gì?,https://phgl.hcmuaf.edu.vn/
Email liên hệ với phân hiệu tại Ninh Thuận là gì?,phnt@hcmuaf.edu.vn
Địa chỉ của phân hiệu Trường tại Gia Lai nằm ở đâu?,"Đường Trần Nhật Duật, Thôn 01, Xã Diên Phú, Thành phố Pleiku, Tỉnh Gia Lai"
Cơ sở nào của Trường Đại học Nông Lâm TP.HCM có địa chỉ tại Thành phố Thủ Đức?,Cơ sở chính
"Phân hiệu nào có địa chỉ ở Thị trấn Khánh Hải, Huyện Ninh Hải?",Phân hiệu tại Ninh Thuận
Sinh viên được cấp những giấy tờ gì khi đủ điều kiện công nhận tốt nghiệp?,"Bằng tốt nghiệp, bảng điểm học tập và rèn luyện, hồ sơ sinh viên, các giấy tờ có liên quan khác và được giải quyết các thủ tục hành chính."
Trong trường hợp nào sinh viên được xét vào ký túc xá?,Khi được xét theo quy định của trường và ưu tiên theo Quy chế công tác sinh viên nội trú của Bộ Giáo dục và Đào tạo.
Sinh viên được tạo điều kiện tham gia những hoạt động nào ngoài học tập?,"Tham gia tổ chức Đảng, Đoàn TNCS Hồ Chí Minh, Hội Sinh viên, Hội Liên hiệp Thanh niên, các tổ chức tự quản, hoạt động xã hội, văn hóa, văn nghệ, thể thao lành mạnh."
Những hoạt động học thuật nào sinh viên được tham gia theo quyền lợi của mình?,"Nghiên cứu khoa học, thi sinh viên giỏi, thi Olympic các môn học, thi sáng tạo tài năng trẻ."
Sinh viên có quyền gì trong việc đề xuất ý kiến về hoạt động của nhà trường?,"Được trực tiếp hoặc thông qua đại diện hợp pháp kiến nghị, đề đạt nguyện vọng, và khiếu nại lên Hiệu trưởng các vấn đề liên quan đến quyền, lợi ích chính đáng."
Sinh viên có quyền nghỉ học như thế nào theo quy định?,"Được nghỉ học tạm thời, tạm ngừng học, học theo tiến độ chậm hoặc nhanh, học cùng lúc hai chương trình, chuyển trường; được nghỉ hè, tết, lễ theo quy định."
Những chính sách nào của Nhà nước mà sinh viên được hưởng?,"Ưu tiên, học bổng từ tổ chức/cá nhân trong và ngoài nước, miễn giảm phí dịch vụ công cộng như giao thông, giải trí, viện bảo tàng, di tích lịch sử, công trình văn hóa."
Điều kiện nào để sinh viên được nhận vào học đúng ngành nghề đã đăng ký?,Phải đủ điều kiện trúng tuyển theo quy định của Bộ Giáo dục và Đào tạo và nhà trường.
Sinh viên tốt nghiệp loại giỏi và rèn luyện tốt được hưởng quyền lợi gì?,"Được hưởng chính sách ưu tiên của Nhà nước trong tuyển dụng vào các cơ quan Nhà nước và các chính sách ưu tiên khác về tuyển dụng cán bộ, công chức, viên chức."
"Trong học tập, sinh viên được sử dụng những phương tiện gì theo quyền lợi?","Thư viện, trang thiết bị, phương tiện phục vụ học tập, thí nghiệm, nghiên cứu khoa học, văn hóa, văn nghệ, thể dục, thể thao."
Sinh viên có nghĩa vụ gì trong việc bảo vệ tài sản của nhà trường và phát huy truyền thống?,"Giữ gìn và bảo vệ tài sản của nhà trường; góp phần xây dựng, bảo vệ và phát huy truyền thống."
Sinh viên phải tham gia những hoạt động tình nguyện nào phù hợp với năng lực và sức khỏe?,"Lao động công ích, hoạt động tình nguyện vì cộng đồng."
Sinh viên phải đóng học phí như thế nào?,Đóng học phí đúng thời hạn theo quy định.
Sinh viên không được làm gì trong phòng thi để tránh gian lận?,"Không được quay cóp, mang tài liệu vào phòng thi, xin điểm, nhờ người khác thi hộ, sao chép tiểu luận/đồ án/khóa luận."
Sinh viên bị cấm sử dụng hoặc phát tán những chất hoặc thông tin nào trong trường?,"Sử dụng vũ khí, chất nổ, chất ma túy, hóa chất cấm, tài liệu/ấn phẩm/thông tin phản động, đồi trụy và mê tín dị đoan."
Sinh viên không được tham gia hoặc cổ vũ hoạt động trái phép nào?,"Đua xe trái phép và tụ tập đông người, biểu tình trái pháp luật."
"Khi phát hiện hành vi tiêu cực hoặc gian lận trong học tập, sinh viên phải làm gì?","Kịp thời báo cáo với khoa, phòng chức năng, Hiệu trưởng nhà trường hoặc cơ quan có thẩm quyền."
Sinh viên được điều động làm việc sau khi nhận học bổng phải thực hiện gì?,Chấp hành nghĩa vụ làm việc có thời hạn theo sự điều động của Nhà nước; nếu không chấp hành phải bồi hoàn học bổng.
Sinh viên không được đăng tải nội dung nào trên mạng xã hội?,"Nội dung xuyên tạc, dung tục, xâm phạm quyền con người hoặc kích động biểu tình trái pháp luật, gây rối, chống phá Đảng, Nhà nước."
"Sinh viên có nghĩa vụ tôn trọng nhà giáo và cán bộ nhà trường (Điều 5), vậy hành vi cụ thể nào đối với họ bị nghiêm cấm theo Điều 6?","Xúc phạm nhân phẩm, danh dự, xâm phạm thân thể nhà giáo, cán bộ, nhân viên nhà trường (Điều 6.1)."
"Theo Điều 5, sinh viên phải thực hiện nhiệm vụ học tập và rèn luyện trung thực, nhưng những hình thức gian lận nào trong học tập bị cấm tuyệt đối theo Điều 6?","Quay cóp, mang tài liệu vào phòng thi, xin điểm; học, thi, thực tập, trực hộ người khác hoặc nhờ người khác; sao chép, nhờ hoặc làm hộ tiểu luận, đồ án, khóa luận; tổ chức hoặc tham gia tổ chức thi hộ và các hành vi gian lận khác (Điều 6.2)."
"Trong khi sinh viên có nghĩa vụ tham gia phòng chống tiêu cực, gian lận trong học tập (Điều 5.9), thì hành vi gian lận cụ thể nào được liệt kê là không được làm trong Điều 6?","Các hành vi được mô tả tại Điều 6.2, bao gồm quay cóp, mang tài liệu vào phòng thi, xin điểm, học/thi hộ, làm hộ tiểu luận/đồ án/khóa luận, tổ chức thi hộ."
"Sinh viên có nghĩa vụ tham gia đảm bảo an ninh, trật tự (Điều 5.10), vậy những hành vi nào liên quan đến gây rối an ninh hoặc tụ tập trái phép bị cấm theo Điều 6?","Tham gia tụ tập đông người, biểu tình, khiếu kiện trái pháp luật; Gây rối an ninh, trật tự trong trường hoặc nơi công cộng (Điều 6.4)."
"Với nghĩa vụ chấp hành pháp luật Nhà nước (Điều 5.1), những hành vi nào liên quan đến các chất cấm, vũ khí hoặc thông tin phản động bị sinh viên nghiêm cấm thực hiện theo Điều 6?","Sản xuất, buôn bán, vận chuyển, phát tán, tàng trữ, sử dụng hoặc lôi kéo người khác sử dụng vũ khí, chất nổ, các chất ma tuý, các loại hóa chất cấm sử dụng, các tài liệu, ấn phẩm, thông tin phản động, đồi trụy và các tài liệu cấm khác (Điều 6.7)."
"Khoản 1 quy định số lượng sinh viên tối thiểu cho lớp lý thuyết là 30, vậy điều gì sẽ xảy ra nếu lớp lý thuyết có ít hơn 30 sinh viên đăng ký theo Khoản 2a và Khoa/Bộ môn có thể làm gì để lớp vẫn diễn ra theo Khoản 2d?","Lớp học phần lý thuyết có số lượng đăng ký ít hơn 30 sinh viên sẽ bị hủy (Khoản 2a), trừ khi Khoa/Bộ môn có văn bản đề nghị duy trì lớp (có cam kết giải pháp tài chính) và được Hiệu trưởng phê duyệt (Khoản 2d)."
"Theo Khoản 2, lớp thực hành sẽ bị hủy nếu có dưới 20 sinh viên đăng ký. Nếu Khoa/Bộ môn muốn duy trì lớp này theo Khoản 2d, học phí cho mỗi sinh viên trong lớp đó sẽ được tính như thế nào?",Mức thu học phí học phần thực hành trong trường hợp này được tính theo công thức: (Đơn giá/tín chỉ x Số tín chỉ x 20) / Số lượng sinh viên đăng ký (Khoản 2d).
"Điều kiện về số lượng sinh viên tối thiểu để mở lớp học phần lý thuyết là 30 theo Khoản 1. Vậy nếu có 30 sinh viên cùng nguyện vọng học một học phần chưa có trong kế hoạch, thủ tục để mở thêm lớp học phần này theo Khoản 3 là gì?","Nếu có từ 30 sinh viên có nguyện vọng học, Khoa/Bộ môn phụ trách học phần đó đề xuất và được sự chấp thuận của Hiệu trưởng, Trường sẽ mở thêm lớp học phần theo đề nghị (Khoản 3)."
"Sinh viên phải tham dự tối thiểu 80% số giờ đối với học phần lý thuyết theo Khoản 4c. Nếu sinh viên vi phạm quy định này, họ có được dự thi không và điểm cuối cùng ghi nhận cho học phần đó là gì?",Sinh viên vắng lên lớp nhiều hơn thời gian quy định sẽ bị cấm thi. Sinh viên bị cấm thi học phần sẽ nhận điểm F vào bảng điểm (Khoản 4c).
Khoản 4c yêu cầu sinh viên tham dự 100% số giờ học phần thực hành. Hậu quả nếu sinh viên không đáp ứng yêu cầu này là gì và điểm số học phần đó sẽ ra sao?,Sinh viên vắng (không tham dự đủ 100% số giờ) sẽ bị cấm thi học phần. Sinh viên bị cấm thi học phần sẽ nhận điểm F vào bảng điểm (Khoản 4c).
"Khoản 3a quy định học phần chỉ được tích lũy khi đạt từ điểm D trở lên. Vậy, theo thang điểm 10, điểm số tối thiểu sinh viên cần đạt là bao nhiêu?","Sinh viên cần đạt tối thiểu 4,0 theo thang điểm 10 để được điểm D và tích lũy học phần (Khoản 3a)."
"Điểm học phần được tính từ tổng các điểm thành phần nhân với trọng số (Khoản 3). Nếu điểm tổng kết theo thang điểm 10 là 6.7, điểm chữ tương ứng và cách quy đổi sang thang điểm 4 theo Khoản 3a là gì?","Điểm 6.7 theo thang điểm 10 tương ứng với điểm C+ (từ 6.5 đến 6.9), và quy đổi sang thang điểm 4 là 2.5 (Khoản 3a)."
"Theo Khoản 3c, điểm I (chưa hoàn thiện) được áp dụng trong trường hợp nào và nếu sinh viên không hoàn thành học phần trong thời hạn quy định, hậu quả sẽ là gì?","Điểm I áp dụng khi sinh viên được phép hoãn thi/kiểm tra vì lý do bất khả kháng (ốm đau, tai nạn) và được chấp thuận. Nếu quá thời hạn 01 năm mà sinh viên không hoàn thành học phần sẽ bị điểm F (Khoản 3c)."
Điểm R được ghi nhận cho các học phần sinh viên rút theo quy định (Khoản 3c). Điểm này có được tính vào Điểm trung bình chung học kỳ (ĐTBCHK) và Điểm trung bình chung tích lũy (ĐTBCTL) không?,Điểm R không tính vào ĐTBCHK và ĐTBCTL (Khoản 3c).
"Sinh viên chuyển trường hoặc học văn bằng 2 có thể được bảo lưu và chuyển điểm học phần (Khoản 3d). Vậy, điểm tối thiểu theo thang điểm 10 họ cần đạt ở học phần đó là bao nhiêu theo Khoản 3a?","Sinh viên cần đạt điểm học phần ≥ 5,5 (đối với thang điểm 10) để được xem xét bảo lưu và chuyển điểm (Khoản 3d), tương đương điểm C trở lên theo Khoản 3a."
"Điểm trung bình chung học kỳ (ĐTBCHK) được tính dựa trên điểm các học phần đã học trong kỳ, kể cả điểm F (Khoản 1b). Vậy, điểm F này được quy đổi thành điểm số bao nhiêu theo Khoản 2 khi tính ĐTBCHK?","Khi tính ĐTBCHK, điểm F được quy đổi thành 0,0 theo Khoản 2."
"Điểm trung bình chung tích lũy (ĐTBCTL) không bao gồm các học phần bị điểm F (Khoản 1b). Nếu một sinh viên có ĐTBCTL là 3.3, họ sẽ được xếp loại học lực gì theo Khoản 4?","Với ĐTBCTL là 3.3, sinh viên được xếp loại học lực Giỏi (Từ 3,20 đến 3,59) theo Khoản 4."
"Theo Khoản 4, để được xếp loại học lực Khá, sinh viên cần đạt ĐTBCHK hoặc ĐTBCTL trong khoảng nào, và theo Khoản 2, những điểm chữ nào (ví dụ C, C+, B) tương ứng với khoảng điểm số này?","Để xếp loại Khá, sinh viên cần đạt điểm trung bình từ 2,50 đến 3,19 (Khoản 4). Khoảng điểm này tương ứng với các điểm chữ C+ (2.5), B (3.0) theo Khoản 2."
"Tổng số tín chỉ tích lũy dùng để xếp trình độ năm học chỉ tính các học phần có điểm từ D trở lên (Khoản 1a). Nếu một sinh viên chương trình Cử nhân tích lũy được 70 tín chỉ (đã trừ các học phần điểm F), họ sẽ được xếp vào trình độ năm thứ mấy theo Khoản 5?","Với 70 tín chỉ tích lũy, sinh viên chương trình Cử nhân được xếp vào trình độ năm thứ 3 (từ 60 đến 90 tín chỉ) theo Khoản 5."
"Khoản 1b định nghĩa ĐTBCHK tính cả điểm F, trong khi ĐTBCTL không tính điểm F. Nếu một sinh viên có ĐTBCHK là 1.8, loại học lực tương ứng theo Khoản 4 là gì?","Với ĐTBCHK là 1.8, sinh viên được xếp loại học lực Yếu (Từ 1,00 đến 1,99) theo Khoản 4."
"Giảng viên cần nộp điểm thi về Phòng Đào tạo trong thời hạn bao lâu kể từ ngày thi, và Phòng nào chịu trách nhiệm xử lý Điểm trung bình chung học kỳ (ĐTBCHK) của sinh viên?","Thời hạn nộp điểm về Phòng Đào tạo chậm nhất là 30 ngày kể từ ngày thi. Phòng Đào tạo xử lý ĐTBCHK, ĐTBCNH, ĐTBCTL và thông báo đến sinh viên cuối mỗi học kỳ."
"Điểm rèn luyện (ĐRL) được đánh giá vào các học kỳ nào, và việc bị xếp loại rèn luyện kém trong cả năm học hai lần liên tiếp (trong toàn khóa học) dẫn đến hình thức xử lý nào?",ĐRL được đánh giá từng học kỳ chính (không tính điểm rèn luyện học kỳ phụ). Bị xếp loại rèn luyện kém cả năm học lần thứ hai (trong toàn khóa học) sẽ bị buộc thôi học.
"Sinh viên có Điểm trung bình học kỳ (ĐTBCHK) dưới 1,0 ở các học kỳ (trừ học kỳ đầu) sẽ bị xử lý như thế nào, và nếu tình trạng này lặp lại dẫn đến bị cảnh báo học tập hai lần liên tiếp thì hậu quả cuối cùng là gì?","Sinh viên có ĐTBCHK dưới 1,0 đối với các học kỳ tiếp theo (sau học kỳ đầu) sẽ bị cảnh báo học tập. Nếu đã bị cảnh báo kết quả học tập 02 (hai) lần liên tiếp, sinh viên sẽ bị buộc thôi học."
"Để được nhận đề tài khóa luận hoặc tiểu luận tốt nghiệp, sinh viên ngành/chuyên ngành được cấp bằng Cử nhân cần tích lũy tối thiểu bao nhiêu tín chỉ và đạt Điểm trung bình chung tích lũy (ĐTBCTL) hệ 4 từ bao nhiêu trở lên?","Sinh viên ngành/chuyên ngành được cấp bằng Cử nhân cần tích lũy ít nhất 90 tín chỉ (không tính các môn học điều kiện) và có điểm trung bình chung tích lũy hệ 4 từ 2,00 trở lên."
"Ai là người quyết định cán bộ chấm tiểu luận tốt nghiệp, và điểm kết quả khóa luận tốt nghiệp được tính dựa trên điểm của những ai?",Cán bộ chấm tiểu luận tốt nghiệp do Trưởng Khoa quyết định. Điểm kết quả khóa luận của sinh viên là trung bình cộng điểm của ba thành viên hội đồng và giảng viên hướng dẫn.
"Sinh viên cần đạt Điểm trung bình chung tích lũy (ĐTBCTL) tối thiểu bao nhiêu để đủ điều kiện xét tốt nghiệp, và mức ĐTBCTL nào được xếp loại tốt nghiệp loại Giỏi?","Sinh viên cần có Điểm trung bình tích lũy của toàn khóa học đạt từ trung bình trở lên (≥ 2,00 trở lên theo thang điểm 4) để được xét tốt nghiệp. ĐTBCTL từ 3,20 đến 3,59 được xếp loại tốt nghiệp loại Giỏi."
"Nếu sinh viên đạt ĐTBCTL toàn khóa loại Xuất sắc (từ 3,60 đến 4,00) nhưng đã học lại các học phần bắt buộc vượt quá 5% tổng số tín chỉ quy định, hạng tốt nghiệp của sinh viên đó sẽ bị ảnh hưởng như thế nào?",Hạng tốt nghiệp của những sinh viên có kết quả học tập toàn khóa loại xuất sắc sẽ bị giảm một mức nếu có khối lượng các học phần học lại (chỉ tính học phần bắt buộc) vượt quá 5% tổng số tín chỉ quy định cho toàn CTĐT.
"Việc chậm đóng học phí ảnh hưởng đến kết quả đánh giá rèn luyện trong học kỳ đó ra sao, và kết quả rèn luyện này có được ghi vào bảng điểm toàn khóa khi sinh viên ra trường không?","Những sinh viên chậm trễ trong việc đóng học phí cho Trường sẽ bị hạ một bậc kết quả đánh giá rèn luyện trong học kỳ đó. ĐRL toàn khóa học được lưu trong hồ sơ quản lý sinh viên, ghi vào bảng điểm toàn khóa của sinh viên khi ra trường."
"Giảng viên chịu trách nhiệm công bố điểm đánh giá thành phần trước khi nào, và đơn vị nào xử lý tất cả khiếu nại liên quan đến kết quả học tập của học phần trong học kỳ đó?",Giảng viên chịu trách nhiệm công bố điểm đánh giá thành phần trước khi kết thúc học phần. Khoa/Bộ môn quản lý học phần xử lý tất cả khiếu nại liên quan đến kết quả học tập của học phần trong học kỳ đó.
"Sinh viên bị xếp loại rèn luyện kém cả năm học sẽ bị xử lý thế nào ở năm học tiếp theo, và ĐRL của sinh viên từng học kỳ được dùng làm tiêu chí để xét việc gì?","Sinh viên bị xếp loại rèn luyện kém trong cả năm học sẽ bị đình chỉ học tập một năm ở năm học tiếp theo. ĐRL của sinh viên từng học kỳ là tiêu chí để xét học bổng khuyến khích học tập, xếp loại và khen thưởng cuối mỗi năm học."
"Quyết định cảnh báo học tập và buộc thôi học thường được trường công bố vào những tháng nào trong năm, và thông báo này có được gửi về gia đình và địa phương của sinh viên không?","Hàng năm trường công bố quyết định cảnh báo học tập và buộc thôi học vào tháng 4 và tháng 10. Sau khi ban hành quyết định, trường gửi thông báo về gia đình và địa phương nơi sinh viên có hộ khẩu thường trú."
"Tiểu luận tốt nghiệp đối với ngành/chuyên ngành được cấp bằng Kỹ sư có khối lượng bao nhiêu tín chỉ, và người hướng dẫn khóa luận này có được tham gia hội đồng đánh giá kết quả không?",Tiểu luận tốt nghiệp có khối lượng 06 (sáu) tín chỉ. Giảng viên hướng dẫn không tham gia hội đồng đánh giá kết quả đề tài khóa luận của sinh viên do mình hướng dẫn (Áp dụng quy định đánh giá khóa luận cho tiểu luận khi không nêu riêng).
"Sinh viên có thể xem kết quả học tập (ĐTBCHK, ĐTBCNH, ĐTBCTL) ở đâu, và việc xét và công nhận tốt nghiệp hàng năm diễn ra vào tuần thứ mấy của các tháng nào?","Sinh viên có thể xem kết quả học tập trên website của trường. Hàng năm, sinh viên được xét và công nhận tốt nghiệp vào tuần thứ 2 các tháng 03, 06, 09, 12."
"Nếu sinh viên không hoàn thành đề tài khóa luận đã được phân công, một trong các lựa chọn thay thế là gì, và khi thực hiện lại đề tài khóa luận khác, giảng viên hướng dẫn có phải là người cũ không?","Sinh viên có thể chọn thực hiện tiểu luận và học bổ sung tín chỉ hoặc học tích lũy tín chỉ tốt nghiệp theo thiết kế của CTĐT; Hoặc thực hiện lại đề tài khóa luận khác, do giảng viên khác hướng dẫn."
"Sinh viên muốn xin nghỉ học tạm thời vì lý do cá nhân cần đạt ĐTBCTL tối thiểu bao nhiêu, và nếu sinh viên đang học cùng lúc hai chương trình mà ĐTBCTL chương trình thứ nhất bị xếp loại dưới trung bình thì sao?","Để nghỉ học tạm thời vì lý do cá nhân, sinh viên phải đạt ĐTBCTL không dưới 2,00. Nếu ĐTBCTL chương trình thứ nhất đạt dưới điểm trung bình, sinh viên phải dừng học chương trình thứ hai ở học kỳ tiếp theo."
"Thời gian nghỉ học tạm thời vì nhu cầu cá nhân được tính vào thời gian học chính thức không, và thời gian tối đa được phép học đối với sinh viên học cùng lúc hai chương trình là bao lâu?","Có, thời gian nghỉ học tạm thời vì nhu cầu cá nhân được tính vào thời gian học chính thức. Thời gian tối đa được phép học đối với sinh viên học cùng lúc hai chương trình là thời gian tối đa quy định cho chương trình thứ nhất."
"Hệ thống đào tạo trực tuyến (e-Learning – NLU) của trường được phát triển trên nền tảng nào, và sinh viên có trách nhiệm gì đối với tài khoản học trực tuyến của mình?","Hệ thống được phát triển trên nền tảng Edmodo. Sinh viên phải tự bảo vệ tài khoản của mình, phải tự chịu trách nhiệm về các thông tin đưa lên hệ thống và việc để người khác sử dụng tài khoản sai mục đích."
"Khi tham gia lớp học trực tuyến qua các công cụ như Zoom, Google Meet, sinh viên cần sử dụng micro như thế nào và phải đảm bảo trang phục ra sao?","Sinh viên phải tắt micro khi lớp học bắt đầu, khi muốn phát biểu nhấn nút giơ tay, chỉ mở micro khi được cho phép và tắt micro trở lại sau khi trao đổi xong. Sinh viên phải mặc trang phục lịch sự nghiêm túc."
"Điểm đánh giá quá trình học trực tuyến trong học phần đào tạo kết hợp đóng góp tối đa bao nhiêu phần trăm trọng số điểm học phần, và việc đánh giá này phải đảm bảo những yếu tố nào?","Tổng điểm đánh giá quá trình học trực tuyến đóng góp không quá 50% trọng số điểm học phần. Việc đánh giá trực tuyến phải được thực hiện nghiêm túc, đầy đủ; đảm bảo đánh giá được mức độ chuyên cần, năng lực của sinh viên và chuẩn đầu ra của học phần."
"Việc tổ chức thi cuối kỳ bằng hình thức trực tuyến cần điều kiện gì về phần mềm và ngân hàng câu hỏi, đồng thời hình thức này có áp dụng cho học phần thi tay nghề không?","Nếu tổ chức thi trực tuyến phải có phần mềm phù hợp và có ngân hàng câu hỏi đủ lớn để xây dựng đề thi. Không tổ chức thi cuối kỳ bằng hình thức trực tuyến với các học phần thực hành/thực tập đánh giá kỹ năng thực hành (thi tay nghề,...), trừ trường hợp đặc biệt do Hiệu trưởng quyết định."
"Sinh viên được đăng ký học chương trình thứ hai sớm nhất khi nào, và một trong các điều kiện về học lực để đăng ký là gì?",Sinh viên được đăng ký học chương trình thứ hai sớm nhất khi đã được xếp trình độ năm thứ hai của chương trình thứ nhất. Một điều kiện là học lực tính theo điểm trung bình tích lũy xếp loại khá trở lên và đáp ứng ngưỡng bảo đảm chất lượng của chương trình thứ hai trong năm tuyển sinh; hoặc học lực xếp loại trung bình và đáp ứng điều kiện trúng tuyển của chương trình thứ hai trong năm tuyển sinh.
"Nếu sinh viên xin thôi học vì lý do cá nhân thì kết quả học phần đã tích lũy được xử lý ra sao, và những sinh viên này muốn quay lại học phải làm gì?",Sinh viên xin thôi học được công nhận kết quả học phần đã tích lũy được trong thời gian học tập tại trường. Những sinh viên này muốn quay trở lại học phải dự tuyển đầu vào như những thí sinh khác.
"Việc bảo vệ và đánh giá đồ án, khóa luận bằng hình thức trực tuyến cần có sự đồng thuận của ai, và diễn biến buổi bảo vệ phải được xử lý như thế nào?","Hình thức bảo vệ và đánh giá trực tuyến phải được sự đồng thuận của các thành viên hội đồng và sinh viên. Diễn biến của buổi bảo vệ trực tuyến phải được ghi hình, ghi âm đầy đủ và lưu trữ."
"Sinh viên nghỉ học tạm thời có phải hoàn thành nghĩa vụ học phí cho học kỳ xin nghỉ không, và sinh viên học hai chương trình được hưởng các chế độ quyền lợi đối với chương trình nào?","Có, sinh viên phải hoàn thành nghĩa vụ học phí đối với các môn học đã đăng ký trong học kỳ xin nghỉ học tạm thời. Sinh viên học hai chương trình chỉ được hưởng các chế độ quyền lợi đối với chương trình thứ nhất."
"Một sinh viên hệ chính quy đạt ĐTBTL loại Giỏi và xếp loại rèn luyện Xuất sắc, nhưng tốt nghiệp trễ hơn thời gian thiết kế của chương trình đào tạo. Sinh viên này có được xét khen thưởng danh hiệu tốt nghiệp loại Giỏi không?","Không, vì một trong các điều kiện chung để xét khen thưởng tốt nghiệp là sinh viên phải tốt nghiệp đúng hoặc trước thời gian thiết kế chương trình đào tạo."
"Khoa/Bộ môn có 700 sinh viên (hệ chính quy) thì được chọn tối đa bao nhiêu Sinh viên tiêu biểu (SVTB) cuối năm học, và nếu một ngành trong khoa đó có 50 sinh viên tốt nghiệp thì xét được bao nhiêu Thủ khoa, Á khoa tốt nghiệp toàn khóa cho ngành đó?",Khoa/Bộ môn có 700 sinh viên (trên 500 đến 1.000) được chọn 02 SVTB. Ngành có 50 sinh viên tốt nghiệp (từ 25 đến 89) thì xét 01 Thủ khoa tốt nghiệp toàn khóa.
Sinh viên A (hệ chính quy) có ĐTBTL Xuất sắc và rèn luyện Khá. Sinh viên B (hệ VLVH) có ĐTBTL Xuất sắc. Cả hai đều đủ các điều kiện chung khác để xét khen thưởng tốt nghiệp. Sinh viên nào trong hai người được khen thưởng danh hiệu tốt nghiệp loại Xuất sắc?,Sinh viên B (hệ VLVH) được khen thưởng danh hiệu tốt nghiệp loại Xuất sắc. Sinh viên A (hệ chính quy) chỉ được khen thưởng danh hiệu tốt nghiệp loại Giỏi (do ĐTBTL Xuất sắc và rèn luyện Khá).
"Tiêu chuẩn tối thiểu về kết quả học tập và rèn luyện cả năm để được chọn là Sinh viên tiêu biểu (SVTB) là gì, và tiêu chuẩn tối thiểu về ĐTBTL và rèn luyện để được xét khen thưởng tốt nghiệp (chung cho cả hai hệ) là gì?","Tiêu chuẩn SVTB: Kết quả học tập cả năm học đạt loại khá trở lên, xếp loại rèn luyện cả năm học đạt loại tốt trở lên. Điều kiện chung tối thiểu để xét khen thưởng tốt nghiệp: điểm trung bình học tập tích lũy (ĐTBTL) từ khá trở lên và điểm rèn luyện từ loại tốt trở lên."
"Nếu hai sinh viên hệ chính quy cùng ngành, cùng khóa có ĐTBTL bằng nhau và đều đủ điều kiện xét Thủ khoa tốt nghiệp, tiêu chí nào được dùng để phân định, và nếu hai sinh viên hệ VLVH cùng khối lớp, cùng đợt tốt nghiệp đầu tiên rơi vào trường hợp tương tự thì tiêu chí ưu tiên là gì?",Hệ chính quy: xét đến số điểm rèn luyện; nếu điểm rèn luyện bằng nhau thì công nhận đồng Thủ khoa. Hệ VLVH: ưu tiên chọn sinh viên có thành tích trong nghiên cứu khoa học hoặc công nhận đồng Thủ khoa.
"Sinh viên đạt giải Nhất cuộc thi Olympic môn học và có kết quả học tập cả năm loại Giỏi, nhưng xếp loại rèn luyện cả năm chỉ đạt loại Khá. Sinh viên này có đủ tiêu chuẩn để được chọn là Sinh viên tiêu biểu (SVTB) cuối năm học không?","Không, vì tiêu chuẩn SVTB yêu cầu xếp loại rèn luyện cả năm phải đạt loại Tốt trở lên (sinh viên này chỉ đạt loại Khá)."
"Sinh viên hệ chính quy cần đạt ĐTBTL và rèn luyện ở mức nào để được khen thưởng danh hiệu tốt nghiệp loại Xuất sắc, và sinh viên hệ VLVH cần đạt ĐTBTL ở mức nào để được khen thưởng danh hiệu này?",Hệ chính quy: ĐTBTL xếp loại xuất sắc và xếp loại rèn luyện xuất sắc. Hệ VLVH: ĐTBTL xếp loại xuất sắc.
"Nếu sinh viên bị kỷ luật Cảnh cáo, Hội đồng cấp nào sẽ họp xét trước khi Hội đồng cấp Trường họp, và biên bản họp của Hội đồng đó có cần thiết trong hồ sơ xử lý kỷ luật không?","Hội đồng khen thưởng, kỷ luật sinh viên của Khoa/Bộ môn sẽ họp xét trước Hội đồng cấp Trường. Biên bản họp Hội đồng khen thưởng, kỷ luật sinh viên của Khoa/Bộ môn là một phần cần thiết trong hồ sơ xử lý kỷ luật."
"Hình thức kỷ luật nào có thể được áp dụng nếu sinh viên đang trong thời gian bị Cảnh cáo mà vẫn vi phạm kỷ luật, và khi sinh viên bị kỷ luật ở mức độ này, Nhà trường có gửi thông báo cho địa phương không?","Hình thức kỷ luật Đình chỉ học tập có thời hạn có thể được áp dụng. Khi sinh viên bị kỷ luật mức đình chỉ học tập có thời hạn, Nhà trường gửi thông báo cho địa phương và gia đình sinh viên biết để phối hợp quản lý, giáo dục."
"Quyết định kỷ luật Khiển trách sẽ chấm dứt hiệu lực sau bao lâu nếu sinh viên không tái phạm, và khi hết thời hạn Đình chỉ học tập có thời hạn, sinh viên cần xuất trình giấy tờ gì từ đâu để được xem xét học tiếp?","Quyết định kỷ luật Khiển trách chấm dứt hiệu lực sau 03 tháng nếu sinh viên không tái phạm hoặc không có vi phạm đến mức phải xử lý kỷ luật. Khi hết thời hạn đình chỉ, sinh viên phải xuất trình chứng nhận của địa phương (cấp xã, phường, thị trấn) nơi cư trú về việc chấp hành nghĩa vụ công dân."
"Trong quy trình xét kỷ luật, sinh viên vi phạm cần làm loại văn bản nào ban đầu để tự nhận hình thức kỷ luật, và nếu sinh viên này không đến dự họp Hội đồng khen thưởng, kỷ luật sinh viên của Khoa/Bộ môn (dù đã được mời và không có lý do chính đáng) thì Hội đồng có tiến hành họp không?","Sinh viên có hành vi vi phạm phải làm bản tường trình, bản tự kiểm điểm và tự nhận hình thức kỷ luật. Nếu sinh viên không đến dự họp Hội đồng của Khoa/Bộ môn mà không có lý do chính đáng, Hội đồng vẫn tiến hành họp và xét thêm khuyết điểm thiếu ý thức tổ chức kỷ luật."
"Hình thức kỷ luật nào của sinh viên từ mức nào trở lên sẽ được lưu vào hồ sơ quản lý sinh viên, và để quyết định kỷ luật Cảnh cáo chấm dứt hiệu lực, sinh viên cần đáp ứng điều kiện gì trong thời gian bao lâu?","Hình thức kỷ luật của sinh viên từ Cảnh cáo trở lên được lưu vào hồ sơ quản lý sinh viên. Để quyết định kỷ luật Cảnh cáo chấm dứt hiệu lực, sau 06 tháng kể từ ngày có quyết định, sinh viên không được tái phạm hoặc không có những vi phạm đến mức phải xử lý kỷ luật."
"Nếu sinh viên bị kỷ luật mức Khiển trách, kết quả rèn luyện của họ không được vượt quá loại nào, ngay cả khi điểm số thực tế cao hơn?","Trong thời gian người học bị kỷ luật mức khiển trách, khi đánh giá kết quả rèn luyện không được vượt quá loại khá."
"Tiêu chí ""Đạo đức tốt"" trong danh hiệu ""Sinh viên 5 tốt"" yêu cầu điểm rèn luyện đạt từ bao nhiêu điểm trở lên, và việc vi phạm pháp luật có ảnh hưởng đến tiêu chí này không?","Điểm rèn luyện đạt từ 85 điểm trở lên. Không vi phạm pháp luật và các quy chế, nội quy của trường, lớp, quy định của địa phương cư trú và những nơi công cộng."
"Việc đánh giá ""Ý thức tham gia học tập"" và ""Ý thức chấp hành nội quy, quy chế"" có khung điểm tối đa là bao nhiêu cho mỗi mục?","""Ý thức tham gia học tập"" có khung điểm đánh giá từ 0 đến 20 điểm. ""Ý thức chấp hành nội quy, quy chế, quy định trong cơ sở giáo dục đại học"" có khung điểm đánh giá từ 0 đến 25 điểm."
"Để đạt tiêu chí ""Hội nhập tốt"" của danh hiệu ""Sinh viên 5 tốt"", sinh viên cần đạt chứng chỉ TOEIC tối thiểu bao nhiêu điểm, hoặc có thể đáp ứng bằng cách tham gia hoạt động nào khác liên quan đến ngoại ngữ?","Đạt chứng chỉ TOEIC 450 điểm trở lên, hoặc tham gia sinh hoạt tích cực trong 01 câu lạc bộ, đội, nhóm về ngoại ngữ trong hoặc ngoài nhà trường (có thời gian sinh hoạt ít nhất 06 tháng)."
"Để được xét chọn Danh hiệu sinh viên tiêu biểu cuối năm học, sinh viên cần đạt kết quả học tập và xếp loại rèn luyện cả năm ở mức nào trở lên?",Kết quả học tập đạt từ loại khá trở lên; Xếp loại rèn luyện đạt từ loại tốt trở lên.
"Cố vấn học tập hỗ trợ sinh viên xây dựng kế hoạch học tập như thế nào, và sinh viên có thể tìm danh sách Ban cố vấn học tập của Khoa ở đâu?","Cố vấn học tập tư vấn sinh viên xây dựng kế hoạch học tập cho từng học kỳ và toàn khóa học đảm bảo sự phù hợp với năng lực, hoàn cảnh, điều kiện học tập của mỗi sinh viên. Danh sách Ban cố vấn học tập của các Khoa được cập nhật trên website của các Khoa và website của Phòng Công tác Sinh viên (http://nls.hcmuaf.edu.vn/, mục cố vấn học tập)."
"Sinh viên tham gia tích cực các hoạt động Đoàn - Hội (theo tiêu chí Sinh viên tiêu biểu) có thể được cộng điểm rèn luyện ở mục nào theo Điều 8, và khung điểm tối đa cho mục đó là bao nhiêu?","Có thể được đánh giá ở mục ""Ý thức và kết quả khi tham gia công tác cán bộ lớp, các đoàn thể, tổ chức trong cơ sở giáo dục đại học hoặc người học đạt được thành tích đặc biệt trong học tập, rèn luyện"". Khung điểm đánh giá cho mục này là từ 0 đến 10 điểm."
"Sinh viên đạt điểm rèn luyện 70 điểm được phân loại rèn luyện là gì, và nếu sinh viên này đang trong thời gian bị kỷ luật Cảnh cáo thì kết quả rèn luyện cuối cùng không được vượt quá loại nào?","Điểm rèn luyện 70 điểm được phân loại Khá. Nếu đang trong thời gian bị kỷ luật mức cảnh cáo, khi đánh giá kết quả rèn luyện không được vượt quá loại trung bình."
"Nếu sinh viên thắc mắc về điểm bộ phận với giảng viên giảng dạy nhưng không được giải quyết thỏa đáng, họ cần gửi đơn đến ai theo Điều 8, và nếu sau đó vẫn không thỏa đáng, họ có thể chuyển đơn đến cấp nào theo Điều 9?","Sinh viên có quyền viết đơn gửi cho Trưởng Bộ môn. Nếu vẫn không được giải quyết thỏa đáng, sinh viên có thể chuyển đơn tới Ban giám hiệu."
"Sinh viên cần liên hệ trực tiếp với đơn vị nào để được tư vấn về việc đăng ký học phần theo Điều 4, và nếu sau đó có sai sót trong danh sách lớp học phần đã đăng ký thành công, sinh viên cần nộp đơn kèm minh chứng đến đâu theo Điều 7?","Sinh viên cần trao đổi trực tiếp với giáo viên chủ nhiệm (cố vấn học tập) để được tư vấn đăng ký học phần. Nếu có sai sót trong danh sách lớp học phần đã đăng ký thành công, sinh viên phải viết đơn đề nghị, kèm theo bản in minh chứng và nộp trực tiếp đến Phòng Đào tạo."
"Theo Điều 4, sinh viên bị mất tài khoản cá nhân để đăng nhập website trường cần liên hệ trực tiếp phòng nào, và nếu thắc mắc qua trao đổi trực tiếp này không được giải quyết thỏa đáng, sinh viên có quyền làm gì tiếp theo theo Điều 5?","Sinh viên cần trao đổi trực tiếp Phòng Công tác sinh viên. Nếu thắc mắc không được giải quyết thỏa đáng, sinh viên có quyền viết đơn theo quy định ở chương 3 để được giải quyết."
"Quỹ học bổng khuyến khích học tập cho chương trình đại trà được bố trí bằng bao nhiêu phần trăm tổng thu học phí, và tiêu chuẩn tối thiểu về điểm trung bình chung học bổng và điểm rèn luyện để được xét học bổng loại Khá là gì?","Quỹ học bổng khuyến khích học tập của chương trình đại trà được bố trí bằng 8% tổng thu học phí chương trình đại trà. Để xét học bổng loại Khá, sinh viên cần có điểm trung bình chung học bổng từ 7,0 trở lên và điểm rèn luyện từ 70 trở lên (và các tiêu chuẩn chung khác)."
"Nhà trường có chấp nhận hình thức thắc mắc qua điện thoại không theo Điều 2, và nếu sinh viên muốn phúc khảo điểm thi kết thúc học phần thì nộp đơn ở đâu và trong thời hạn nào theo Điều 8?","Nhà Trường không chấp nhận hình thức thắc mắc, kiến nghị của sinh viên qua điện thoại. Trường hợp phúc khảo điểm thi kết thúc học phần sinh viên nộp đơn tại khoa chuyên môn trong vòng 3 ngày kể từ ngày công bố điểm."
"Sinh viên có thể hỏi trực tuyến trên website về những vấn đề gì theo Điều 10, và khi tham gia trực tuyến, sinh viên phải tuân thủ yêu cầu gì về tiêu đề và cách viết theo Điều 11?","Sinh viên có thể hỏi trực tuyến khi đã thực hiện các bước khác mà chưa thỏa đáng, hoặc để phản ánh, góp ý về công tác đào tạo và công tác sinh viên. Khi tham gia trực tuyến, các vấn đề đặt ra đều phải có tiêu đề rõ ràng, không được viết tắt, không được viết thiếu nét."
"Ai chịu trách nhiệm giải quyết thắc mắc, kiến nghị của sinh viên về những vấn đề nêu ở Điều 4 ngay khi nhận được thông tin, và nếu việc giải quyết qua trao đổi trực tiếp hoặc email không thỏa đáng, đơn viết sau đó cần có xác nhận của ai?","Giáo viên chủ nhiệm, cố vấn học tập, cán bộ giảng dạy, trợ lý giáo vụ, Ban chủ nhiệm khoa và các phòng chức năng có trách nhiệm giải quyết ngay. Nếu không thỏa đáng và sinh viên viết đơn, đơn đó bắt buộc phải có xác nhận của giáo viên chủ nhiệm hoặc cố vấn học tập hoặc giáo vụ khoa."
"Để được xét học bổng khuyến khích học tập loại Giỏi, sinh viên cần đạt điểm trung bình chung học bổng và điểm rèn luyện tối thiểu là bao nhiêu, và việc xét học bổng này có yêu cầu sinh viên nộp hồ sơ không?","Để xét học bổng loại Giỏi, sinh viên cần có điểm trung bình chung học bổng từ 8,0 trở lên và điểm rèn luyện từ 80 trở lên (và các tiêu chuẩn chung khác). Học bổng khuyến khích học tập được nhà trường tự động xét, sinh viên không cần nộp hồ sơ."
"Sinh viên có hoàn cảnh khó khăn (ví dụ: hộ nghèo) có thể nhận hỗ trợ từ Quỹ “Đồng hành cùng trường Đại học Nông Lâm TP.HCM” không, và họ có thuộc đối tượng được vay vốn từ Ngân hàng Chính sách Xã hội không?","Có, sinh viên có hoàn cảnh khó khăn (hộ nghèo, mồ côi,...) là đối tượng được xét học bổng tài trợ từ Quỹ “Đồng hành cùng trường Đại học Nông Lâm TP.HCM”. Đồng thời, sinh viên thuộc hộ nghèo hoặc hộ cận nghèo cũng là đối tượng được hỗ trợ vay vốn từ Ngân hàng Chính sách Xã hội."
"Đơn vị nào chịu trách nhiệm thông báo và phối hợp thực hiện các chương trình học bổng tài trợ, và sinh viên cần đến đâu để nhận giấy xác nhận vay vốn sau khi đã đăng ký trực tuyến thành công?",Phòng Công tác sinh viên chịu trách nhiệm thông báo và phối hợp với các Khoa tổ chức thực hiện học bổng tài trợ. Sinh viên nhận giấy xác nhận vay vốn đã đăng ký trực tuyến tại phòng Công tác sinh viên.
"Sinh viên năm thứ hai trở đi cần giấy xác nhận của trường về tình trạng học tập và kỷ luật để làm gì, và việc đăng ký giấy xác nhận này thực hiện qua kênh nào?",Cần giấy xác nhận của trường về việc đang theo học và không bị xử phạt vi phạm hành chính trở lên để đủ điều kiện vay vốn từ Ngân hàng Chính sách Xã hội. Việc đăng ký giấy xác nhận này thực hiện qua kênh trực tuyến tại địa chỉ: https://nlsonline.hcmuaf.edu.vn/gxn/dangnhap.php.
"Sinh viên nộp hồ sơ yêu cầu bồi thường bảo hiểm tai nạn tại đâu và thời gian chi trả dự kiến là bao lâu, đồng thời sinh viên mồ côi vay vốn học tập sẽ vay và trả nợ trực tiếp tại đâu?","Sinh viên nộp hồ sơ yêu cầu bồi thường bảo hiểm tai nạn tại Phòng Công tác sinh viên, thời gian chi trả dự kiến là 10 – 15 ngày sau khi nộp đủ hồ sơ. Sinh viên mồ côi được vay vốn và trả nợ trực tiếp tại Ngân hàng Chính sách xã hội tại địa phương nhà trường đóng trụ sở."
"Thông tin về các chương trình học bổng tài trợ được phòng Công tác sinh viên thông báo qua những kênh nào, và việc đăng ký giấy xác nhận tạm hoãn nghĩa vụ quân sự thực hiện qua kênh nào?","Thông tin học bổng tài trợ được thông báo qua email sinh viên, website các Khoa, website phòng Công tác sinh viên (https://nls.hcmuaf.edu.vn/). Việc đăng ký giấy xác nhận tạm hoãn nghĩa vụ quân sự thực hiện qua kênh đăng ký trực tuyến (https://nlsonline.hcmuaf.edu.vn/gxn/dangnhap.php)."
"Mức vay vốn sinh viên tối đa là bao nhiêu mỗi tháng, và khi làm hồ sơ yêu cầu bồi thường bảo hiểm tai nạn giao thông, ngoài giấy tờ y tế, sinh viên cần nộp bản photo giấy tờ tùy thân nào?","Mức tiền hỗ trợ vay vốn sinh viên tối đa là 4.000.000 đ/tháng/sinh viên. Khi làm hồ sơ bảo hiểm tai nạn giao thông, cần nộp 01 bản photo CCCD."
"Sinh viên có thành tích cao trong nghiên cứu khoa học có thể được xét nhận học bổng nào, và loại giấy tờ nào sinh viên có thể đăng ký xác nhận trực tuyến để bổ sung hồ sơ xin học bổng?","Sinh viên có thành tích cao trong nghiên cứu khoa học là đối tượng được xét học bổng tài trợ (từ Quỹ Đồng hành). Sinh viên có thể đăng ký trực tuyến giấy xác nhận ""Bổ sung hồ sơ nhận học bổng""."
